{"cameraMode":{"drawMode":0,"name":"Shaded","section":"Shading Mode"},"sceneLighting":false,"audioPlay":false,"sceneViewState":{"showFog":true,"showMaterialUpdate":false,"showSkybox":false,"showFlares":true,"showImageEffects":true,"showParticleSystems":true},"in2DMode":false,"pivot":{"x":-3.98783278465271,"y":4.1633501052856449,"z":0.5121556520462036},"rotation":{"x":-0.18793784081935883,"y":-0.8118784427642822,"z":0.3805347681045532,"w":-0.4009329080581665},"size":2.8578836917877199,"orthographic":false}