{"cameraMode":{"drawMode":0,"name":"Shaded","section":"Shading Mode"},"sceneLighting":false,"audioPlay":false,"sceneViewState":{"showFog":true,"showMaterialUpdate":false,"showSkybox":false,"showFlares":true,"showImageEffects":true,"showParticleSystems":true},"in2DMode":false,"pivot":{"x":2.650841236114502,"y":2.1549489498138429,"z":30.202312469482423},"rotation":{"x":0.155630961060524,"y":0.02455877885222435,"z":-0.003846893087029457,"w":0.9875101447105408},"size":55.642520904541019,"orthographic":false}